{
  "RandomForest": {
    "train_auc": 0.9953837054105888,
    "test_auc": 0.9561058601134216,
    "train_acc": 0.8905824714207947,
    "test_acc": 0.8543478260869565,
    "f1_score": 0.8295165394402035
  },
  "IsolationForest": {
    "train_auc": 0.8880638944007055,
    "test_auc": 0.8647920604914933,
    "train_acc": 0.6254763200870985,
    "test_acc": 0.6239130434782608,
    "f1_score": 0.397212543554007
  }
}